{
    "footerText": "AMARANTH SUPPLY CHAIN: LOCAL",
    "mapMetrics": {
        "frameSize": [
            1683.28601,
            874.38300
        ],
        "iconPositions": [
            [
                407.706,
                146.502
            ],
            [
                208.982,
                654.089
            ],
            [
                486.629,
                664.303
            ],
            [
                979.846,
                670.359
            ],
            [
                1497.010,
                482.884
            ],
            [
                1505.466,
                212.000
            ],
            [
                868.879,
                142.752
            ]
        ]
    }
}
