{
    "footerText": "SMALL MILLET SUPPLY CHAIN",
    "mapMetrics": {
        "frameSize": [
            1692.22095,
            842.92297
        ],
        "iconPositions": [
            [
                486.276,
                137.694
            ],
            [
                166.458,
                372.302
            ],
            [
                195.005,
                637.151
            ],
            [
                861.613,
                648.775
            ],
            [
                1363.562,
                635.420
            ],
            [
                1522.752,
                216.820
            ],
            [
                884.694,
                148.034
            ]
        ]
    }
}
