{
    "footerText": "AMARANTH SUPPLY CHAIN: INTERNATIONAL",
    "mapMetrics": {
        "frameSize": [
            1690.17102,
            899.42297
        ],
        "iconPositions": [
            [
                395.851,
                156.955
            ],
            [
                170.410,
                373.241
            ],
            [
                186.646,
                675.929
            ],
            [
                477.519,
                686.295
            ],
            [
                986.255,
                692.437
            ],
            [
                1400.732,
                688.662
            ],
            [
                1520.267,
                500.428
            ],
            [
                1528.846,
                223.601
            ],
            [
                874.669,
                153.079
            ]
        ]
    }
}